"AND1_AL_S67","AND1_AY_S72","AND2_AL_S68","AND2_AY_S73","AND3_AL_S69","AND3_AY_S74","AND4_AL_S70","AND4_AY_S75","AND5_AL_S71","AND5_AY_S76"
121,0,0,0,0,0,0,0,0,0
0,0,0,39,0,0,0,0,0,0
0,0,0,0,0,0,0,0,21,0
0,0,0,20,0,22,0,0,0,0
0,0,0,0,0,116,0,0,0,0
0,0,0,0,31,0,0,0,0,0
0,0,0,134,0,0,0,0,0,0
0,0,0,0,0,27,0,0,0,0
0,0,0,0,0,0,0,284,0,0
0,0,0,0,0,0,0,127,0,0
0,0,0,15,0,0,0,0,0,0
0,0,13,0,0,0,0,0,0,0
0,0,0,37,0,73,0,0,0,0
0,0,0,0,58,0,0,0,0,0
0,0,0,0,47,0,0,0,0,0
0,0,0,0,15,0,0,0,0,0
0,41,0,0,0,0,0,0,0,0
52,0,0,0,115,0,28,0,0,0
0,192,0,0,0,0,0,0,0,0
0,0,0,33,0,5,0,0,0,0
0,0,0,0,8,0,0,0,0,0
38,0,24,0,52,0,51,92,0,0
0,0,0,22,0,0,0,0,0,0
0,0,26,29,0,0,17,0,0,0
0,14,0,15,5,0,0,27,0,0
0,0,0,0,0,0,0,8,0,0
10,0,12,0,0,0,0,0,0,0
8,0,0,0,0,0,11,10,0,0
0,0,0,0,0,0,7,0,0,0
0,0,0,14,0,0,0,0,0,0
0,0,0,0,0,13,0,0,0,0
0,0,0,0,16,0,0,0,0,0
0,0,0,0,0,13,0,0,0,0
0,0,0,0,54,0,0,0,0,0
23,0,5,0,0,0,0,0,0,0
22,0,0,0,0,0,0,0,0,0
0,0,0,0,13,0,17,0,0,0
0,0,0,0,13,0,0,0,0,0
0,0,0,0,9,0,0,0,0,0
32,0,0,0,0,0,0,0,0,0
3,0,0,0,0,0,0,0,0,0
104,0,0,6,0,19,0,7,0,0
0,0,4,0,14,0,0,0,0,0
0,0,0,0,0,0,0,6,0,0
14,0,0,14,0,0,44,0,0,0
0,12,0,0,0,0,0,0,0,0
0,0,54,74,7,0,0,0,0,0
23,0,0,0,0,0,0,0,0,0
0,0,0,0,0,0,14,0,0,0
0,0,0,0,25,0,0,0,0,0
0,0,0,71,0,0,0,0,0,0
55,0,0,0,0,0,87,0,0,0
69,0,0,0,0,0,0,0,0,0
122,0,0,0,0,26,0,0,0,0
85,0,0,0,0,0,0,0,0,0
0,0,0,19,0,14,0,0,0,0
0,0,0,0,0,0,0,8,0,0
0,0,29,87,0,0,0,22,0,0
0,0,0,9,19,0,0,0,0,0
0,0,0,0,0,0,0,0,9,0
13,8,0,0,0,0,90,0,0,0
0,0,34,0,0,0,0,0,0,0
0,0,0,0,0,43,0,0,0,34
44,0,0,0,0,0,0,0,0,0
0,0,13,0,0,0,0,0,0,0
21,0,0,0,61,0,0,0,0,0
0,0,0,34,0,0,0,0,0,0
65,42,15,38,35,0,52,68,0,0
0,0,0,0,11,0,0,0,0,0
0,0,0,0,73,0,0,0,0,0
27,0,0,0,0,0,0,0,0,0
0,0,0,0,0,0,0,0,45,0
0,0,0,10,0,0,0,0,0,0
0,0,0,0,0,0,0,0,0,12
0,0,0,0,8,0,0,0,0,0
0,0,0,38,0,52,0,0,0,243
11,0,0,0,0,0,0,0,0,0
103,0,48,24,41,0,45,20,0,0
0,0,0,0,0,20,0,0,0,0
0,55,0,0,38,0,0,0,0,0
1379,0,6,0,0,0,20,0,0,0
0,157,0,0,0,0,0,0,0,0
0,0,0,0,41,0,0,0,0,0
0,9,0,42,0,8,0,0,0,0
0,0,0,0,12,0,0,0,0,0
0,0,0,14,0,48,0,0,0,0
0,0,0,0,0,22,0,0,0,30
0,0,0,5,0,0,0,0,0,0
0,0,0,132,0,0,0,0,0,0
0,0,0,0,0,5,0,0,0,0
0,0,0,0,24,0,0,0,0,0
0,0,0,0,29,0,0,0,0,0
0,0,0,0,0,4,0,0,0,0
0,0,2,0,8,0,0,0,0,0
0,0,0,0,0,0,4,0,0,0
20,0,0,0,0,0,0,0,0,0
0,0,0,0,0,88,0,0,0,0
19,0,0,0,0,0,0,0,0,0
19,0,0,0,0,0,0,0,0,0
0,0,0,13,9,0,0,0,0,0
48,0,0,0,0,0,0,72,0,0
43,0,0,0,0,0,0,0,0,0
30,0,0,0,0,0,0,0,0,0
0,0,0,0,0,20,0,0,0,0
0,0,0,0,0,0,0,0,0,6
25,0,0,0,0,0,0,0,0,0
0,0,0,0,0,8,0,0,0,0
0,0,0,92,0,0,0,0,0,0
0,0,0,0,0,0,11,0,0,0
0,0,0,0,0,0,11,0,0,0
59,0,0,0,0,16,0,7,0,0
0,0,33,0,0,0,0,0,0,0
0,0,0,0,0,0,0,0,0,19
54,27,0,0,0,0,0,0,36,0
0,0,0,0,0,52,0,0,0,0
0,0,0,0,0,6,0,0,0,0
0,0,0,0,0,0,4,0,0,0
0,0,5,0,0,0,11,0,0,0
72,0,21,0,0,0,6,0,0,11
0,0,0,15,0,0,0,0,0,0
0,0,0,0,0,0,8,0,0,0
0,0,0,0,0,0,0,8,0,0
56,16,0,46,0,24,53,27,0,0
19,0,0,0,0,0,0,0,0,0
0,0,0,0,0,42,0,0,0,0
0,0,0,0,0,23,0,0,0,0
81,36,71,86,42,60,34,0,56,65
0,0,0,0,8,0,0,0,15,0
0,0,0,0,0,36,0,0,0,0
58,0,0,250,0,0,11,0,0,0
0,0,0,15,0,0,11,11,0,0
0,0,0,0,0,15,0,0,0,0
0,562,6,0,0,75,9,157,0,1163
0,0,0,0,4,0,0,0,0,0
25,0,0,16,0,0,0,0,0,0
216,0,0,0,0,0,34,0,0,0
53,0,8,0,0,0,0,0,34,0
0,0,0,0,0,15,6,0,43,12
0,0,0,144,0,0,0,0,0,0
0,77,0,0,5,0,0,0,0,0
0,0,0,246,0,0,0,0,0,0
974,16,25,38,0,0,18,0,88,0
0,36,114,46,12,84,0,14,648,99
0,0,0,23,0,26,0,14,0,0
69,35,15,11,12,58,56,31,12,24
27,0,0,4,0,0,0,0,26,5
76,0,16,25,12,0,12,0,0,0
0,0,0,0,0,0,0,5,0,0
11,0,0,0,9,125,0,0,0,0
0,12,0,27,0,0,25,19,0,0
0,5,0,70,0,117,0,0,0,16
0,0,0,0,0,0,0,50,0,0
0,0,0,0,0,0,0,21,0,0
0,0,0,0,0,0,0,0,0,14
0,0,0,14,0,0,0,0,0,0
0,0,0,0,0,0,0,0,0,13
0,225,0,10,0,0,0,0,0,144
94,9439,0,0,0,0,0,0,0,0
0,0,49,0,0,0,0,188,0,0
0,0,0,30,0,73,8,0,0,98
0,48,0,29,0,0,0,0,17,14
0,37,0,0,10,0,5,26,0,0
0,111,0,9,0,52,0,19,0,0
5,0,0,0,0,0,0,0,0,0
0,21,37,11,10,77,13,30,0,0
0,0,0,0,0,0,0,141,0,0
0,0,0,0,0,91,0,0,0,0
0,707,0,105,0,191,0,0,13,463
0,74,0,10,11,0,0,11,0,468
0,8,0,0,0,0,0,0,11,77
0,36,0,60,0,0,0,40,0,0
0,7,0,0,0,0,0,0,0,0
0,0,0,41,0,0,0,0,0,0
0,0,0,0,0,0,77,0,0,0
16,0,515,0,0,295,0,17,0,0
0,0,0,22,0,0,0,0,0,0
0,0,0,0,0,0,49,0,0,0
0,0,0,0,4,0,0,0,0,0
0,0,0,74,0,0,0,0,0,0
0,0,0,0,0,0,0,322,0,0
0,10,0,0,0,0,0,0,0,0
0,0,0,9,0,0,4,0,8,19
0,0,0,21,29,0,0,0,0,0
206,0,253,0,0,0,140,0,0,0
0,5,0,0,0,62,0,13,0,0
0,198,0,30,0,0,0,0,0,0
0,0,0,0,0,24,0,0,0,43
0,26,0,0,0,0,5,0,45,200
0,0,0,0,0,37,0,0,0,0
0,0,0,0,0,0,0,9,0,0
0,0,0,0,0,0,0,0,0,28
0,0,3,0,0,0,0,0,0,0
0,0,0,0,0,16,0,0,0,10
0,0,0,0,2,0,0,0,0,0
0,0,0,0,13,0,0,0,0,0
0,0,0,6,0,0,0,0,0,0
0,7,0,0,0,0,0,0,0,0
0,0,0,2617,0,0,0,5810,0,0
0,0,61,0,101,0,344,183,0,0
117,51,0,83,0,0,0,0,0,0
62,29,174,0,0,0,43,13,0,0
0,0,0,8,0,0,0,0,0,0
788,0,0,0,0,0,0,0,0,0
0,0,0,0,0,4,0,0,0,0
0,1881,23,0,0,0,1525,0,0,0
1862,292,4763,16,172,0,0,0,0,0
0,0,0,0,0,0,0,596,0,0
226,0,0,411,0,713,266,0,0,0
0,0,0,57,0,0,0,0,0,0
0,0,0,0,0,0,0,710,0,0
774,0,0,240,0,267,237,0,0,0
0,612,616,0,0,0,0,0,0,0
42,68,152,0,0,0,0,0,0,0
0,0,0,0,0,163,84,0,0,0
0,424,664,338,0,0,0,80,0,0
21,0,0,0,185,40,113,0,0,0
1550,0,0,0,0,130,0,0,0,0
0,328,239,0,0,0,0,0,0,0
0,0,0,0,0,41,0,49,0,0
0,0,0,0,439,0,0,0,0,0
0,0,0,11,0,0,0,0,0,0
0,0,0,188,0,0,0,0,0,0
868,1416,1214,80,0,342,264,756,0,0
712,0,0,81,0,309,199,0,0,0
0,0,0,0,0,0,0,122,0,0
1074,0,0,17,0,0,0,0,0,0
99,0,0,62,0,42,0,145,0,0
0,0,0,0,55,0,0,0,0,0
0,0,38,0,0,0,0,0,0,0
0,0,278,0,0,0,0,0,0,0
118,15,33,0,0,0,0,0,0,0
0,0,0,0,0,0,8,0,0,0
0,206,16,0,0,42,6,0,0,0
0,76,0,0,0,0,0,0,0,0
17,0,0,0,0,0,0,35,0,0
0,24,0,0,0,0,0,0,0,0
0,42,30,0,0,0,0,0,0,0
0,55,26,0,0,0,0,0,0,0
0,46,0,0,413,0,0,0,58,0
0,0,0,0,0,0,0,0,0,13
0,64,0,0,0,115,0,0,0,0
0,16,0,12,0,0,0,44,15,356
0,8,0,0,0,0,0,0,0,0
0,0,0,0,0,344,0,0,0,0
0,37,0,0,0,0,0,0,0,0
0,0,0,0,0,27,0,0,0,0
10,0,0,0,0,0,0,0,0,0
0,0,0,0,0,0,0,0,0,54
0,0,0,0,0,350,0,0,0,0
0,0,9,0,0,0,0,0,0,0
0,235,0,0,0,0,0,0,0,0
0,0,0,0,0,173,0,0,0,0
0,35,0,0,0,0,0,0,0,0
0,16,0,0,0,0,0,0,0,0
24,0,0,0,0,0,0,0,0,0
0,25,0,0,0,0,0,0,0,0
0,1253,0,0,13,0,0,0,0,0
0,0,0,4,0,0,0,0,0,45
0,26,0,0,0,0,0,0,0,0
0,0,0,0,0,15,0,0,0,0
0,0,0,32,0,0,0,0,0,0
0,0,0,19,0,0,0,0,0,0
0,161,0,0,0,0,0,0,0,0
0,130,0,0,0,0,0,0,0,0
0,0,0,0,0,0,0,0,26,0
0,20,0,0,0,0,0,0,0,0
0,149,0,0,0,0,0,0,0,0
0,0,0,0,0,70,0,0,0,0
10,0,0,0,0,0,9,0,0,0
0,0,0,12,0,12,0,0,0,16
0,0,0,0,0,0,0,0,0,446
0,0,0,0,6,0,0,0,0,0
0,54,0,0,0,0,0,0,0,0
0,0,0,0,0,0,0,0,0,55
0,37,0,0,0,0,0,0,0,0
0,7,0,0,0,0,0,0,0,0
0,0,0,47,0,0,0,0,0,0
0,0,0,0,0,0,8,0,0,0
0,11,0,0,0,0,0,0,0,0
0,0,0,0,0,0,0,0,0,76
0,0,0,42,0,0,0,0,0,0
7,0,0,0,0,0,0,0,0,0
0,0,0,0,12,0,0,0,0,0
0,0,0,14,0,0,0,0,0,0
0,0,0,14,0,0,0,0,0,0
0,12,0,0,0,0,0,0,0,0
0,13,0,0,0,0,0,0,0,0
0,0,0,0,0,0,8,0,0,0
0,0,0,20,0,0,0,0,0,0
0,0,0,0,0,0,0,0,0,23
0,0,0,0,0,108,0,0,0,0
0,105,0,0,0,0,0,0,0,0
0,0,0,0,0,28,0,0,0,0
0,0,0,12,0,0,0,0,0,0
0,0,0,250,0,0,0,0,0,0
0,0,0,0,0,209,0,0,0,0
0,0,0,0,0,8,0,21,0,0
0,0,0,0,0,0,0,10,0,0
0,0,0,0,6,0,0,0,0,0
0,10,0,0,0,0,0,0,0,0
0,0,0,0,0,0,5,0,0,0
10,12,0,0,0,0,0,0,0,0
0,25,0,27,0,0,0,0,0,0
0,0,0,31,0,0,0,0,0,0
13,0,0,0,0,0,0,0,0,0
0,0,0,13,0,0,0,0,0,0
0,7,0,0,0,0,0,0,0,0
0,0,0,0,0,60,0,0,0,0
0,0,0,0,11,0,0,0,0,0
0,79,0,0,0,0,0,0,0,0
0,0,0,0,0,0,0,4,0,0
0,278,0,0,0,0,0,0,0,0
0,37,0,0,0,0,0,0,0,0
0,0,0,0,27,0,0,0,0,0
0,0,0,19,0,0,0,0,0,0
0,69,0,0,0,68,0,0,0,137
0,21,0,0,0,0,0,0,0,0
0,128,0,46,0,0,56,0,0,0
0,69,0,60,37,0,0,33,0,0
0,78,0,0,0,0,0,0,0,0
0,18,0,0,0,0,0,0,0,0
0,55,0,0,0,0,0,0,0,0
0,22,0,0,0,73,0,0,0,0
14,9,0,0,0,0,0,0,0,0
0,84,0,0,0,0,0,0,0,168
0,59,0,0,0,0,0,0,0,0
0,0,0,39,0,0,0,0,0,0
0,0,0,0,0,712,0,0,0,0
0,0,0,0,0,0,0,14,0,0
0,85,73,0,0,244,0,0,0,479
187,0,0,0,0,0,0,0,0,0
0,0,0,0,0,0,0,40,0,0
294,0,0,4214,3377,336,145,1474,0,16
677,205,0,1028,0,1585,146,1322,388,0
0,0,0,0,0,0,0,773,0,0
0,0,0,1670,0,0,0,0,0,0
0,0,0,0,0,0,0,15,0,0
0,0,0,0,0,0,0,1015,0,0
89,54,0,0,65,0,26,0,25,0
616,25,131,563,232,0,77,1175,157,0
0,0,0,0,0,0,0,435,0,0
0,0,0,0,78,0,0,0,0,0
279,0,112,0,100,0,77,0,0,0
116,0,0,0,0,0,40,0,42,0
28,0,10,0,0,0,0,0,0,0
0,0,0,0,0,0,0,37,0,103
0,0,0,13,0,0,0,0,0,0
0,21,0,0,0,0,0,0,0,0
0,0,0,158,0,0,0,0,0,0
0,0,0,0,0,0,0,8,0,0
0,0,0,0,0,0,29,0,0,0
0,0,0,0,35,0,0,0,0,0
19,0,0,0,0,0,0,25,0,0
0,0,0,0,0,0,0,43,0,0
0,0,0,0,0,0,94,0,0,0
0,0,0,40,0,0,0,0,0,0
0,0,0,0,0,0,0,84,0,0
0,0,76,0,0,0,0,29,0,0
2808,0,82,0,155,99,0,0,0,0
0,0,0,0,32,0,0,0,0,0
0,0,0,7,0,0,0,0,0,0
0,0,0,14,0,0,0,23,0,0
30,0,0,0,0,0,0,0,0,0
71,0,0,0,0,0,0,0,22,0
75,0,0,0,0,0,0,0,0,0
0,0,0,0,58,0,0,0,0,0
0,0,23,0,0,0,0,0,0,0
0,0,0,18,0,0,0,0,0,0
0,0,0,0,0,0,15,0,0,0
0,0,0,31,0,0,0,0,0,0
0,13,92,0,37,0,0,25,104,0
0,0,0,0,0,0,156,0,0,0
0,0,20,0,0,0,0,0,0,0
0,0,0,19,0,71,0,170,0,0
120,0,69,0,0,0,0,0,0,0
51,0,0,0,0,0,0,0,0,0
0,0,0,0,16,0,0,0,0,0
0,0,0,0,0,0,8,0,0,0
0,0,0,0,0,0,0,71,0,0
18,0,0,0,0,0,0,0,0,0
17,0,0,0,0,0,0,0,0,0
16,0,0,0,0,0,0,0,0,0
0,0,0,0,0,0,9,0,0,0
82,0,0,0,0,0,46,0,0,0
121,0,0,0,0,0,0,0,0,0
232,176,194,149,115,256,217,0,218,0
90,0,0,0,34,0,15,0,0,0
26,0,0,0,0,0,0,0,0,0
0,0,0,0,0,0,26,148,18,0
12,0,0,0,0,27,29,12,12,0
33,0,0,0,0,0,0,0,0,0
0,0,0,0,0,0,40,0,0,0
0,0,65,0,0,0,0,0,0,0
30,0,0,0,0,0,0,0,0,0
0,0,0,0,0,0,0,46,0,0
41,17,25,0,0,0,0,0,0,0
20,0,0,0,0,0,0,0,0,0
544,46,0,0,0,0,0,0,0,0
125,0,0,0,29,0,0,28,0,0
36,0,0,0,0,0,0,0,0,0
23,0,0,0,22,0,0,0,0,0
20,0,0,0,0,0,0,0,0,0
0,0,0,19,0,0,0,0,0,0
46,0,0,0,0,0,0,0,0,0
0,0,0,0,0,0,0,24,0,0
48,0,54,0,0,28,37,0,0,0
0,22,0,0,0,0,0,28,0,0
0,0,0,0,0,25,0,0,0,0
0,0,0,0,0,0,0,17,0,0
0,0,0,24,27,0,0,0,0,0
0,0,0,0,0,34,0,0,0,0
19,0,0,0,0,0,0,0,0,0
19,0,0,0,0,0,0,0,0,0
0,0,0,0,0,0,18,0,0,0
0,0,0,0,12,0,0,0,0,0
0,0,0,0,0,0,38,0,0,0
0,0,0,29,0,0,0,0,0,0
0,0,0,0,0,0,16,0,0,0
109,0,0,0,0,0,0,0,0,0
0,0,0,0,0,0,0,0,0,36
0,0,0,0,0,0,0,0,20,0
339,0,0,0,19,0,57,0,0,0
348,0,0,0,0,0,0,0,0,0
0,0,0,0,0,0,0,14,0,0
0,0,0,10,0,0,0,0,0,0
0,0,0,0,166,0,0,0,0,0
0,0,61,0,39,0,0,25,0,0
0,0,44,51,0,0,0,28,0,0
80,9,0,0,0,0,0,0,0,0
0,0,0,0,0,0,39,0,0,0
0,0,0,0,18,0,0,0,0,0
0,0,0,0,0,261,0,0,0,0
19,0,0,0,0,0,0,0,0,0
0,0,0,0,0,19,0,0,0,53
0,0,0,0,0,0,0,69,0,0
0,0,0,0,0,0,0,0,18,0
0,0,0,0,0,112,63,0,0,0
0,0,0,282,0,0,0,0,0,0
0,0,0,0,0,222,27,0,0,0
26,0,0,0,0,0,0,0,0,0
22,0,0,0,15,0,0,0,0,0
0,0,0,0,0,0,0,23,0,0
0,9,0,0,0,0,10,0,0,0
45,0,0,0,0,286,0,0,0,40
0,0,0,0,78,0,0,0,0,0
0,0,0,99,0,0,135,0,0,0
787,0,0,0,0,0,0,0,0,0
225,0,94,0,0,0,0,0,0,0
0,0,0,9,0,0,0,0,0,0
0,0,0,0,0,0,0,18,0,0
0,39,0,69,0,0,34,0,14,0
0,0,0,0,23,0,0,0,0,0
27,0,0,0,29,0,0,0,0,0
0,0,23,0,22,0,0,0,0,0
27,0,0,61,0,0,0,41,0,0
0,0,0,0,151,0,0,0,0,0
49,0,0,0,0,0,0,0,0,0
16,0,0,0,16,0,0,0,0,0
0,0,0,0,8,0,0,0,0,0
0,0,0,0,38,0,0,0,0,0
0,0,0,10,0,0,0,0,0,0
0,43,0,20,0,0,0,0,0,0
1276,0,144,167,107,0,44,0,0,0
0,0,120,0,0,0,18,0,0,0
0,0,0,0,0,0,8,0,0,0
0,0,64,0,37,0,63,61,0,0
148,0,0,0,0,0,0,0,0,0
0,0,0,0,0,0,0,23,0,0
0,13,0,0,0,0,0,0,0,0
0,0,0,0,0,17,0,0,0,0
29,0,0,0,0,0,0,0,0,0
0,0,0,0,161,0,0,0,0,0
712,114,120,18,88,0,93,430,282,0
0,0,0,0,0,32,0,0,0,0
14,0,0,0,0,0,0,0,0,0
0,0,0,0,36,0,0,0,0,0
31,0,0,0,33,0,0,11,0,0
0,32,0,20,0,0,0,0,0,0
38,0,0,0,0,0,0,0,0,0
44,0,0,0,0,0,25,0,0,0
0,0,0,0,31,0,0,0,0,0
0,0,0,0,0,0,0,42,0,0
0,0,7,165,0,109,0,28,22,90
0,20,0,131,0,0,0,0,0,125
0,543,55,298,0,334,0,274,181,272
0,0,0,138,0,0,0,0,0,100
0,0,0,0,0,126,0,0,0,738
0,44,0,55,0,0,0,0,0,0
0,84,0,0,0,0,0,14,0,0
0,0,244,0,18,0,0,0,48,0
4605,1804,838,0,27,0,265,737,0,140
556,0,0,0,430,0,0,0,0,0
702,0,0,1814,0,0,0,204,0,0
235,0,0,0,0,0,0,0,0,0
0,0,20,273,0,401,62,885,171,261
0,0,715,0,0,0,0,235,0,364
0,0,117,232,0,0,0,0,0,0
0,0,0,0,69,0,0,0,0,0
0,45,0,29,0,0,0,0,26,0
0,0,0,0,0,18,0,0,0,0
0,49,0,0,106,0,0,67,0,0
1030,0,369,45,0,0,445,0,0,0
0,51,86,0,0,99,0,0,0,0
0,151,0,209,0,0,0,0,0,314
0,0,45,0,5,0,0,0,0,0
64,0,129,0,0,0,0,0,0,0
0,0,0,104,0,0,0,57,0,0
0,0,0,18,0,22,0,41,0,0
0,0,0,0,19,0,0,0,0,0
0,0,0,37,0,0,15,0,0,0
40,14,0,214,11,0,0,42,0,0
0,0,0,0,0,0,0,0,15,18
0,0,0,6,0,0,0,0,0,0
0,0,17,0,0,0,0,0,0,0
0,0,0,0,0,0,14,0,0,0
65,28,0,149,0,0,0,0,0,0
0,0,0,76,0,0,0,0,0,0
0,0,0,0,0,0,0,26,0,0
0,0,0,0,0,0,0,150,0,0
57,0,0,0,0,0,0,0,0,0
0,0,0,126,56,0,0,0,0,0
0,0,32,0,0,0,0,0,0,0
0,0,0,0,0,229,71,0,0,0
47,0,0,0,21,0,0,0,0,0
0,0,0,0,0,0,23,0,0,0
0,0,0,0,10,0,0,0,0,0
0,0,0,0,0,0,0,0,0,19
8,0,0,4,0,0,0,0,0,0
0,48,0,56,0,13,0,0,0,0
0,0,0,0,0,0,0,51,0,0
21,40,0,79,14,131,0,29,0,0
0,0,0,0,0,53,0,0,0,0
0,0,25,0,0,0,12,0,0,0
0,0,0,0,6,5,23,10,0,0
25,14,30,15,0,0,0,50,0,0
21,8,8,15,6,25,7,9,36,62
0,0,4,0,0,0,0,0,0,0
0,0,13,0,0,0,21,0,0,0
0,0,0,0,0,0,0,18,0,0
11,0,6,6,0,0,0,22,0,6
0,0,27,0,0,290,0,0,68,112
0,0,0,0,0,0,0,16,0,0
0,19,125,0,0,0,0,0,0,0
0,0,0,0,32,0,0,0,0,0
0,1438,0,0,0,0,0,0,0,0
0,1214,0,0,0,0,0,0,0,0
12,198,0,0,0,0,30,52,0,29
18,0,13,27,0,23,0,0,15,13
0,0,0,0,0,0,0,0,2704,3824
0,262,0,0,0,0,0,0,0,416
0,0,0,470,0,0,0,535,0,0
65,0,0,0,33,0,93,0,0,0
0,0,0,0,0,0,55,179,0,0
0,27,0,0,0,0,0,0,0,0
14,0,0,0,0,0,0,0,0,0
0,0,0,0,24,0,0,0,0,0
0,0,0,0,157,0,0,0,0,0
470,0,12,293,0,108,0,0,0,0
61,0,0,101,0,42,0,0,0,0
0,0,0,0,388,0,0,0,0,0
0,0,0,0,115,0,0,0,0,0
67,485,437,0,0,144,0,0,0,0
0,0,0,4377,102,0,75,22,13,0
0,125,37,0,115,321,0,0,0,0
5,0,1604,0,0,0,0,602,0,0
0,530,158,67,105,41,0,98,798,0
0,0,0,0,45,0,0,0,0,0
0,0,0,0,0,0,132,0,0,0
0,42,0,0,0,0,0,0,0,0
0,0,0,0,0,0,42,0,0,0
424,0,0,0,0,0,0,0,0,0
0,627,0,360,0,0,0,24,0,0
0,200,74,86,0,7,0,0,20,0
8,0,0,0,0,0,43,0,0,0
0,0,0,0,153,0,19,0,0,0
0,0,0,0,62,0,0,0,0,0
0,0,0,0,0,0,0,0,118,0
0,0,0,0,0,0,0,520,350,0
0,0,0,0,0,0,0,138,0,0
0,0,0,0,0,0,28,0,0,0
0,0,0,33,186,1928,28,157,0,0
1345,149,348,0,0,0,0,233,109,0
0,0,0,35,0,0,0,0,0,0
0,25,0,0,0,366,0,25,0,0
15,0,0,76,0,0,0,0,0,0
0,0,0,314,0,133,0,0,0,0
0,0,0,0,26,0,0,131,0,0
21,0,0,8,107,0,6,0,0,0
0,0,0,0,0,0,0,0,0,46
0,0,0,0,0,0,0,0,10,0
0,0,0,0,0,0,0,32,0,0
0,0,0,30,0,0,0,0,0,0
0,200,0,308,0,0,0,0,0,0
0,0,0,16,0,0,0,44,0,0
12,0,0,0,0,0,0,0,0,0
121,0,0,0,0,0,0,0,0,0
0,0,84,0,0,0,40,0,0,0
2707,0,0,392,0,0,27,0,0,0
436,0,24,0,0,119,0,0,0,0
216,0,0,0,0,0,0,0,0,0
226,0,0,383,890,0,217,861,0,9
22,0,0,803,0,0,0,4143,0,0
0,1451,0,0,1796,0,53,0,0,0
13,0,0,15,0,17,0,0,0,0
0,0,0,0,0,0,8,0,0,0
0,0,0,0,0,0,0,7,0,0
0,0,329,0,16,0,329,0,0,0
0,35,0,0,0,0,0,0,0,0
0,0,0,0,0,181,0,157,0,0
0,0,0,53,0,0,0,0,0,0
0,27,0,42,0,38,0,0,0,0
19,0,0,0,0,0,0,0,0,0
52,182,507,1412,0,2959,217,2241,1274,0
0,0,0,0,414,0,0,0,0,379
0,546,0,0,0,0,0,710,317,0
111,0,179,156,32,161,128,90,0,0
0,0,245,38,22,0,164,0,0,0
0,0,78,0,0,0,0,0,0,0
61,136,0,76,0,56,0,27,0,0
0,0,0,0,0,0,34,0,0,0
0,0,0,0,0,0,0,0,311,0
0,0,0,0,0,0,0,0,0,1125
4,0,0,25,0,0,0,0,50,49
0,22,0,43,0,45,0,0,0,0
0,0,0,52,0,0,5,0,9,0
0,0,15,0,0,0,0,0,0,0
0,0,0,0,0,0,0,0,0,26
22,300,0,29,12,21,23,104,0,3416
0,18,0,0,0,0,0,0,0,0
18,0,0,0,129,0,57,0,40,120
0,0,0,0,0,116,0,0,0,175
0,109,17,34,0,0,0,0,0,0
0,0,0,0,0,19,0,0,0,0
0,7,0,0,0,61,0,3,0,26
0,0,60,0,0,0,0,0,0,0
0,0,0,0,0,0,7,0,0,0
0,0,0,0,0,43,0,10,0,0
0,139,0,0,0,0,0,0,0,0
0,0,0,125,0,0,0,0,0,14
27,0,0,0,0,21,0,0,0,0
0,0,0,29,0,0,0,0,0,21
0,26,6,0,0,0,6,0,0,0
0,0,0,14,0,0,0,0,0,0
5,0,0,0,0,9,0,0,0,0
28,8,9,0,0,0,0,0,0,0
0,0,0,0,0,29,0,0,0,0
0,0,0,0,0,0,0,0,0,19
0,0,0,0,0,12,0,0,0,0
0,0,0,0,0,7,0,0,0,0
0,0,0,0,0,0,0,11,0,0
0,10,0,0,6,15,0,0,0,0
132,20,0,40,0,0,0,0,0,13
0,0,0,19,0,0,0,0,0,0
22,17,0,41,0,0,41,49,0,185
0,0,36,0,0,0,0,0,0,0
0,0,0,0,0,175,0,0,0,0
0,0,0,0,0,0,0,0,13,0
0,0,0,0,0,10,0,0,12,5
0,9,0,0,0,0,0,0,0,0
0,0,0,7,0,0,0,0,0,0
0,7,0,8,0,0,0,0,0,0
0,102,0,0,0,0,11,0,0,0
0,0,19,0,0,0,0,0,0,0
0,21,0,0,0,43,0,0,0,17
24,0,0,0,0,0,0,0,0,0
0,0,0,24,0,0,0,0,0,0
0,0,0,0,0,0,7,0,0,0
0,0,0,19,0,0,0,0,0,0
0,0,0,21,0,0,0,0,0,0
0,0,0,0,0,0,0,41,0,0
0,0,0,25,0,0,0,0,0,15
24,0,0,0,0,0,0,0,6,0
0,0,0,0,0,21,0,0,0,0
0,4,0,0,0,0,0,0,0,0
0,0,28,0,26,0,0,0,0,3090
0,0,0,21,0,0,0,0,0,0
0,0,0,0,0,0,8,0,7,0
41,0,0,0,0,0,0,0,0,0
24,0,13,0,0,0,0,0,0,21
0,0,0,0,0,0,0,27,0,0
0,0,0,0,0,0,18,0,0,26
0,0,28,10,0,79,0,0,0,0
0,0,0,0,0,0,13,0,0,0
0,0,16,0,0,0,0,0,0,61
0,0,0,89,107,224,0,0,54,231
575,0,0,0,0,104,0,0,0,0
0,59,0,201,0,0,0,12,0,0
0,0,0,0,0,0,0,90,0,0
0,0,0,0,0,29,0,0,0,0
22,13,12,0,0,0,0,0,0,0
30,327,0,0,0,0,347,60,936,280
0,34,0,0,0,0,0,0,0,0
153,45,107,88,50,194,173,120,142,52
396,0,0,0,0,0,0,0,0,0
0,0,0,20,0,0,0,17,0,75
0,17,0,10,0,30,7,20,0,18
39,0,0,0,0,0,0,0,0,0
0,0,0,0,0,75,0,0,0,0
0,0,0,450,0,0,0,44,0,0
0,0,0,164,0,0,0,0,0,0
62,140,0,77,42,595,0,211,27,3959
0,0,92,0,0,0,63,0,0,0
0,0,0,19,0,0,0,0,0,0
48,17,9,0,0,0,0,6,0,0
16,20,0,0,0,14,20,0,0,0
0,0,0,0,0,0,0,0,0,46
0,44,0,0,0,0,0,0,0,0
0,0,0,0,0,0,0,0,0,34
0,0,0,0,0,25,0,0,0,0
0,0,0,0,0,0,0,17,0,0
0,0,20,0,0,0,0,0,0,0
0,0,4,13,0,0,0,0,0,0
12,0,0,0,0,0,0,0,0,0
30,0,0,0,0,0,0,0,0,0
68,0,0,0,0,0,0,0,0,0
0,2,0,0,0,0,0,0,0,0
0,0,0,0,0,15,0,0,0,0
0,0,0,12,0,0,0,0,0,0
0,0,0,0,0,0,0,0,0,250
0,0,16,0,0,0,0,0,0,0
0,0,0,0,0,0,16,0,0,0
0,0,0,0,11,0,0,0,0,0
122,23,177,76,0,12,262,0,344,117
0,21,0,0,0,0,0,0,0,0
0,0,10,22,0,0,0,0,11,17
0,0,0,37,0,0,0,0,0,0
0,0,0,0,0,0,0,0,0,49
0,0,0,0,0,0,0,16,0,0
0,0,0,0,0,0,0,0,30,0
0,0,0,0,0,0,0,0,0,11
0,0,0,0,0,0,6,0,0,0
4,0,0,0,0,0,0,0,0,0
0,0,0,0,0,26,0,0,0,0
0,0,0,0,0,0,25,0,0,0
0,0,0,2,0,0,0,0,0,0
0,0,0,0,12,0,0,0,0,17
0,0,0,0,0,0,22,0,0,0
0,0,0,0,0,0,0,5,0,0
42,0,0,0,0,0,0,0,0,0
0,36,0,0,0,0,0,0,0,0
0,0,0,0,68,0,0,0,0,0
0,0,0,0,22,0,0,0,0,0
0,0,15,0,0,0,0,0,0,0
0,88,0,0,0,0,0,0,0,0
0,0,0,8,0,48,0,0,0,0
29,93,318,0,0,186,0,0,0,0
0,0,0,0,0,0,0,0,0,120
0,26,0,0,0,0,0,22,0,0
27,0,0,0,0,0,13,0,0,0
0,0,0,0,2,8,0,0,0,0
0,0,0,0,0,0,0,14,0,0
21,0,8,0,0,8,12,12,0,0
0,0,0,0,0,0,6,43,0,0
0,0,8,0,10,0,14,32,0,0
0,10,0,27,0,7,0,0,0,9
51,176,0,74,0,0,0,96,0,0
0,0,0,69,0,0,0,39,17,0
34,17,1847,48,1005,142,17,44,0,65
0,36,0,0,0,20,0,10,0,0
0,0,0,0,0,0,8,0,0,0
0,0,0,0,0,0,0,0,26,0
0,0,0,0,0,0,18,0,0,0
0,31,54,37,0,20,0,27,0,0
0,0,0,0,0,0,0,0,132,0
0,61,155,132,0,539,103,120,131,0
27,0,0,25,34,0,0,0,0,183
65,21,0,13,0,0,0,0,0,0
0,0,0,0,0,30,0,0,0,0
0,38,0,0,0,0,0,0,90,0
0,0,0,0,0,0,0,0,67,0
0,0,0,0,0,121,0,0,0,0
0,0,0,0,0,0,21,0,0,0
0,0,0,0,0,0,0,0,18,0
0,0,0,0,0,0,0,0,13,30
0,0,49,34,0,12,21,24,21,33
1774,156,161,626,0,177,219,0,160,0
0,0,0,0,0,208,0,64,0,0
98,53,198,72,0,61,126,0,0,0
0,0,0,0,0,40,0,73,202,0
0,0,0,0,0,0,0,0,36,0
16,25,211,47,0,27,25,0,125,33
14,0,22,0,0,22,0,0,33,0
0,8,0,0,0,0,0,0,0,0
27,0,0,0,0,0,0,0,17,0
0,0,0,0,0,36,0,0,0,0
0,0,0,0,0,0,0,18,0,0
0,0,24,0,0,0,0,0,0,0
0,0,0,0,0,0,0,0,0,15
71,0,154,0,0,0,51,14,0,0
0,0,0,0,0,0,0,0,24,0
0,0,0,0,0,6,0,14,22,20
0,0,0,16,0,0,0,0,12,13
0,108,1341,572,90,0,163,111,57,0
0,0,0,0,101,0,0,185,0,58
0,0,0,0,2,12,5,0,0,0
3,0,0,0,0,0,0,0,0,0
0,0,0,0,0,0,0,43,0,0
0,11,0,0,0,0,22,0,0,0
80,0,130,0,6,0,266,36,1955,31
0,0,0,22,0,0,0,0,0,0
32,0,18,19,0,20,9,0,20,16
3,0,0,0,0,0,0,0,0,0
0,0,0,0,0,0,0,2,0,0
0,21,0,55,0,0,0,0,0,31
0,0,28,0,0,0,0,0,5,0
0,0,0,13,0,0,0,0,0,130
0,0,21,0,0,0,0,0,0,0
22,13,0,139,0,0,0,0,0,78
104,0,0,206,0,38,0,19,0,12
0,35,0,253,0,0,0,0,0,102
393,0,0,139,8,0,0,0,0,0
0,0,0,11,0,0,0,0,0,341
0,168,0,0,31,0,31,0,0,0
0,0,0,0,0,0,0,11,0,0
0,12,0,0,0,0,0,0,0,0
0,0,0,0,0,0,8,0,0,0
0,7,0,6,0,0,0,0,31,290
0,0,0,0,18,0,8,0,0,0
0,7,0,0,0,0,0,0,0,0
0,8,0,0,0,0,0,0,0,0
0,13,0,0,0,0,0,0,0,0
0,37,0,0,0,0,0,0,0,0
0,0,2,0,0,0,0,0,0,0
0,0,0,0,28,0,0,0,0,0
0,13,0,0,0,0,0,0,0,0
0,0,0,0,0,0,0,12,0,0
0,0,0,0,0,0,0,10,0,0
14,0,0,0,0,0,0,0,0,0
0,0,0,0,0,18,0,10,0,0
0,0,0,0,0,21,0,0,0,0
0,0,11,0,0,0,0,0,0,0
0,0,0,0,0,0,21,0,0,0
0,0,0,0,0,0,0,7,0,0
15,0,0,19,0,11,0,0,0,0
0,0,0,0,0,17,0,0,0,0
0,0,0,0,0,16,0,0,0,0
0,0,0,0,0,36,0,0,0,0
0,0,0,0,0,0,18,0,0,0
0,25,0,250,59,0,74,0,0,0
0,0,0,0,0,0,0,19,0,0
0,0,0,0,0,7,0,0,0,0
0,0,5,0,0,0,0,0,0,0
0,0,0,0,0,0,0,21,0,0
0,0,0,0,0,0,135,0,0,0
0,13,0,0,37,0,0,0,0,0
0,0,0,21,0,0,0,0,0,0
24,0,0,0,0,0,0,0,0,0
0,0,0,13,0,0,0,0,0,0
0,0,4,0,0,0,0,0,0,0
0,0,0,13,9,0,12,0,0,0
0,0,0,0,0,28,0,0,0,0
0,0,0,0,0,70,0,40,0,0
0,0,0,0,0,29,0,0,0,0
0,0,0,10,0,11,0,0,0,0
0,0,0,6,0,0,22,9,0,0
0,0,0,0,0,0,0,0,0,720
0,0,0,0,0,0,0,0,0,235
0,16,0,0,0,0,0,161,0,0
0,0,0,0,0,0,0,36,0,0
0,20,0,0,0,0,0,0,0,0
0,19,0,0,0,0,0,0,0,0
0,0,0,0,0,0,0,202,0,0
522,0,0,0,0,0,7,258,0,0
0,0,49,0,0,0,0,0,0,0
0,0,0,0,73,0,0,0,0,0
0,6,0,6,0,9,0,0,0,32
0,0,6,53,0,0,20,0,15,743
0,0,0,0,0,0,15,0,0,0
25,18,0,0,0,53,35,18,0,0
18,0,0,59,0,0,6,0,25,22
0,19,0,27,0,222,0,180,125,27
0,0,0,0,0,0,0,0,91,0
0,0,0,0,0,22,0,0,0,0
0,443,0,12,0,152,0,609,0,0
0,0,0,0,0,0,0,0,8,0
0,0,0,45,0,0,0,0,0,0
0,4,0,0,0,0,0,0,0,0
24,0,0,0,0,0,0,0,0,0
0,0,0,0,0,0,0,142,0,0
0,0,0,508,104,0,0,0,0,0
0,0,0,0,0,0,0,76,0,0
26,0,0,0,0,0,20,0,0,0
0,0,0,0,0,0,20,15,0,0
32,0,0,0,0,0,0,0,0,0
0,0,0,11,0,0,10,0,0,0
26,0,0,0,0,52,0,0,0,0
13,14,0,80,0,51,23,0,0,0
0,0,0,0,0,0,12,0,0,0
12,0,10,19,0,0,0,0,0,0
0,8,0,0,0,0,0,0,0,0
0,0,0,0,0,0,0,13,0,0
6,0,0,0,0,0,0,0,0,0
20,22,0,0,0,0,0,0,0,0
0,0,0,0,0,0,0,77,0,0
0,0,0,0,0,41,0,0,0,0
0,0,0,0,0,3,0,0,0,0
0,0,0,20,0,0,0,0,0,0
0,0,0,0,0,0,0,0,8,0
0,0,0,0,0,0,0,54,0,0
20,0,0,0,0,0,0,0,0,0
0,0,0,0,0,6,0,0,0,0
17,10,0,0,4,15,0,0,14,0
0,9,0,0,0,0,0,0,0,0
0,5,0,0,0,0,0,0,0,0
0,0,0,9,0,0,17,0,0,0
0,0,0,0,32,0,0,0,0,0
0,0,0,0,0,0,0,0,0,3
8,0,0,0,0,0,0,0,0,0
0,10,0,0,0,0,0,0,0,0
0,0,6,0,0,0,0,0,0,0
6,20,0,0,5,0,13,0,68,0
0,0,0,0,0,103,0,32,0,0
38,0,0,0,0,0,0,0,0,0
123,55,138,119,34,41,63,4,117,462
0,0,0,0,94,0,0,0,0,0
0,0,8,0,0,0,3,0,27,0
57,52,72,98,34,69,51,62,93,72
0,0,0,0,0,0,0,10,0,0
0,280,0,0,0,663,0,49,0,0
0,6837,11,0,0,538,0,575,36,0
0,0,0,12,0,0,9,33,0,4
0,0,0,202,0,0,0,0,197,592
0,0,13,0,0,1311,0,0,37,136
102,508,0,0,63,5782,0,34,0,0
0,0,0,0,0,999,35,0,0,0
0,80,0,0,0,0,0,0,0,0
0,0,0,0,0,0,0,0,0,37
0,642,0,0,0,0,0,0,0,0
0,0,0,0,0,155,0,0,0,0
39,2139,116,129,11,2466,12,169,0,155
0,0,0,0,0,0,0,0,0,75
15,0,17,0,0,0,11,0,0,0
0,27,0,0,0,0,0,0,0,0
0,0,16,8,0,0,0,0,0,16
0,0,0,0,0,0,0,50,11,17
0,0,0,0,0,46,0,0,0,0
0,0,0,14,0,9,0,25,0,0
12,0,0,0,0,0,0,0,0,0
0,0,0,0,0,0,6,0,7,0
0,0,0,0,0,0,126,90,0,0
0,0,0,0,23,0,0,0,0,0
0,0,0,0,2,0,0,0,0,0
3,7,14,0,0,139,0,0,0,0
0,0,0,0,0,13,0,0,0,0
0,0,0,0,0,0,0,0,0,4
0,8,0,13,0,0,0,0,0,0
0,0,12,0,0,0,0,0,0,0
0,0,12,15,0,0,0,0,0,0
0,0,0,0,0,0,0,12,0,0
0,0,0,0,0,18,4,0,0,0
0,0,9,0,0,0,0,0,0,0
0,0,0,0,16,0,0,0,0,0
0,0,0,0,0,0,0,16,0,0
0,0,0,0,0,14,0,0,8,0
15,0,0,0,0,0,0,0,0,0
10,0,0,15,0,9,0,0,0,0
0,0,0,0,0,0,0,0,4,8
0,0,0,0,0,0,0,0,0,104
15,0,0,15,0,7,0,0,0,0
70,24,37,66,25,105,57,124,54,120
0,8,0,0,0,20,0,0,0,0
9,16,0,10,0,0,0,7,5,8
0,0,0,0,0,0,23,0,0,0
0,0,0,0,0,0,0,0,0,11
0,0,0,36,0,0,22,0,0,0
0,0,21,0,0,0,0,37,0,0
0,18,0,0,0,0,13,0,0,0
0,0,0,10,0,0,0,35,0,0
12,0,0,24,0,0,0,0,0,0
259,0,0,0,29,0,214,0,0,40
0,0,0,0,44,0,0,0,0,0
9,20,11,20,0,0,0,0,37,73
0,0,0,0,0,0,0,6,0,0
90,0,0,18,0,17,0,0,0,211
0,15,0,0,0,0,0,61,0,58
0,0,0,0,0,35,0,0,0,50
0,0,0,0,0,77,0,0,0,67
0,0,8,40,0,0,0,15,0,0
0,0,0,12,0,0,0,27,0,17
29,0,15,0,7,0,0,0,43,8
0,54,104,0,0,0,0,0,12,0
32,0,0,0,0,0,0,0,0,54
0,25,8,20,0,4,0,0,21,19
0,0,0,0,0,0,0,14,0,0
0,125,0,0,0,0,0,73,0,0
0,86,0,42,0,0,0,57,0,0
0,125,0,26,0,27,0,0,0,0
0,0,0,0,0,0,0,50,0,0
0,0,0,0,0,18,124,0,0,0
0,0,102,0,0,0,0,0,0,0
97,0,66,0,401,0,0,0,0,0
0,0,0,0,0,0,0,0,33,0
0,0,0,0,26,0,0,0,0,0
0,0,0,0,0,41,0,0,0,32
33,0,0,0,0,0,0,0,0,0
0,0,0,6,0,0,0,0,0,0
0,0,46,0,55,26,0,0,0,0
223,53,0,155,0,0,0,444,0,0
0,0,0,0,0,46,401,0,0,0
0,0,1336,0,0,0,0,0,0,0
0,0,0,9,0,0,0,61,0,0
0,0,0,65,0,0,0,0,0,0
110,28,30,0,179,0,131,56,0,0
95,86,0,0,0,0,111,0,0,0
0,0,0,55,0,0,0,0,0,0
0,4,0,0,0,7,0,0,43,0
0,0,0,0,0,0,0,14,0,0
39,0,0,0,0,0,0,0,0,0
122,0,0,0,0,0,0,0,0,0
0,0,0,0,14,0,0,0,0,0
0,323,0,0,0,0,0,0,0,0
0,0,0,0,0,0,0,0,0,29
39,0,0,173,0,0,0,20,0,0
0,0,0,0,210,0,0,13,0,0
0,0,0,0,0,0,0,23,0,0
0,49,31,0,0,0,0,0,0,0
0,0,49,0,14,0,84,0,0,0
23,0,0,0,6,0,125,0,0,0
0,0,0,41,0,0,0,35,0,0
0,28,0,0,0,0,0,0,0,0
0,0,0,0,45,0,0,0,0,0
0,22,0,0,0,0,0,0,0,0
0,0,0,14,0,0,0,0,0,0
17,0,0,0,0,0,0,0,0,0
0,0,0,0,0,0,14,0,0,0
135,0,31,0,21,33,20,0,0,0
0,0,0,0,0,0,0,0,0,26
59,0,0,0,0,0,0,29,0,0
54,29,0,13,128,0,0,55,0,0
0,194,93,0,17,0,0,0,16,0
18,0,0,0,0,0,0,0,0,0
0,11,97,0,38,0,0,62,11,0
0,0,0,33,0,0,0,0,0,0
0,0,0,28,0,167,0,33,0,0
0,0,0,0,33,0,0,0,0,0
29,0,0,0,0,0,0,0,0,0
56,13,0,20,0,6,10,7,0,0
0,0,0,176,0,123,95,0,124,0
0,0,251,181,0,0,0,0,0,67
199,0,0,0,36,0,0,0,0,0
78,0,0,0,0,0,0,0,0,0
40,0,0,0,0,0,0,0,0,0
0,0,0,0,0,0,20,0,0,0
54,0,10,31,0,14,0,0,0,0
0,0,0,18,14,0,0,0,0,0
0,30,0,0,0,0,0,137,0,0
0,0,147,0,0,0,0,0,0,0
0,0,0,0,0,0,0,0,0,18
0,0,0,0,0,0,0,0,133,8
0,0,0,0,0,0,0,0,166,0
5,0,14,0,0,0,0,0,0,0
39,0,0,0,0,0,0,10,0,0
0,0,0,0,0,0,7,0,0,0
162,51,24,0,0,15,49,97,229,0
0,41,180,253,396,15,648,33,21,0
0,0,528,0,0,0,0,0,0,0
0,0,11,0,0,12,0,0,0,0
14,116,14,215,0,48,13,44,56,65
0,31,0,0,0,0,0,103,0,0
0,0,0,36,17,0,0,0,0,0
0,0,0,0,53,0,0,0,0,0
170,17,108,19,32,0,182,10,0,0
28,0,18,30,0,24,31,0,118,49
0,0,0,0,0,0,9,0,0,0
0,4,0,0,0,0,0,0,0,0
0,0,0,0,0,0,0,0,65,0
298,161,352,146,125,0,117,0,433,235
87,0,0,0,0,160,185,153,0,0
0,0,0,0,0,0,0,0,8,0
0,0,0,0,0,0,0,6,0,0
0,0,0,0,0,12,0,0,23,0
0,0,0,0,0,0,0,0,24,0
0,0,26,0,0,0,0,32,0,0
681,318,80,238,0,283,302,0,0,102
0,0,54,84,0,0,0,176,63,0
0,0,0,20,0,0,0,0,0,0
228,0,40,113,46,0,236,0,42,0
0,0,0,0,14,0,0,10,0,0
252,15,204,70,0,0,0,29,0,0
0,0,0,0,0,40,0,0,0,0
0,0,0,164,70,203,0,121,0,0
37,0,0,0,0,0,0,0,0,0
35,0,125,202,69,0,98,177,30,0
91,0,0,0,0,0,0,0,0,0
241,0,110,270,0,0,31,100,44,0
0,0,0,0,0,30,0,0,0,0
1507,165,539,1803,407,60,456,1091,108,55
0,0,125,285,0,0,0,0,0,0
48,0,0,0,0,0,0,0,0,0
0,0,0,0,0,0,0,38,0,0
330,0,324,688,83,0,301,770,125,0
31,0,0,80,0,0,0,70,0,0
34,0,0,0,0,0,0,52,0,0
0,0,78,88,31,0,0,0,0,0
56,0,231,65,0,0,0,61,0,0
0,0,0,32,0,0,0,40,38,0
0,0,0,0,59,0,0,0,0,0
0,0,0,69,0,0,0,288,0,0
15,0,0,0,0,0,20,0,0,0
0,0,0,149,0,0,0,0,0,0
154,25,231,0,0,0,16,0,0,0
0,0,0,0,0,0,219,0,0,0
0,0,84,0,0,0,0,0,0,0
0,0,0,18,0,0,0,18,0,0
213,488,383,0,0,826,0,161,0,0
0,0,0,0,0,0,121,0,178,41
0,0,0,0,0,22,0,0,0,0
0,0,0,0,0,0,0,0,0,553
0,0,0,0,0,83,0,0,0,0
375,0,6567,0,50,450,794,734,4030,0
0,0,130,941,0,0,669,0,0,0
0,0,0,0,0,17,0,0,0,0
14,0,0,7,8,0,6,39,0,0
0,0,0,0,0,134,0,0,54,0
0,0,0,0,0,0,0,117,0,0
0,0,57,0,0,0,35,0,0,50
0,0,0,0,0,0,0,0,17,24
0,0,0,0,0,0,0,16,0,0
53,0,0,10,105,206,6,0,0,0
0,0,0,0,0,0,0,0,0,13
0,0,0,104,0,0,0,0,0,0
61,0,0,0,0,0,0,0,0,0
271,0,69,101,56,0,54,121,17,0
0,0,0,44,0,0,0,0,0,0
0,31,0,49,164,0,0,0,0,0
0,0,0,771,22,0,0,10,0,0
0,56,182,345,47,35,0,519,0,0
0,0,87,0,0,0,0,0,76,0
0,0,0,0,0,0,107,0,0,0
38,0,126,0,0,0,0,0,0,0
0,0,50,0,0,0,0,0,28,162
13,0,17,16,0,33,0,0,34,26
13,16,0,283,0,0,0,0,0,0
0,0,62,60,0,18,0,81,57,27
0,0,0,126,0,0,0,0,0,0
73,35,0,61,74,0,114,147,0,0
0,0,0,91,0,0,0,0,0,0
41,0,0,0,0,0,0,33,0,0
0,0,0,23,0,0,0,0,0,0
38,9,0,14,12,0,0,0,0,0
0,0,0,0,0,0,0,22,0,0
0,55,0,0,0,0,141,136,0,0
0,0,0,0,0,0,128,0,0,0
0,0,0,8,0,0,0,0,0,0
239,25,0,29,37,0,0,0,30,0
121,0,32,0,0,0,0,38,0,0
0,0,12,0,0,0,0,74,0,0
0,28,0,0,0,30,53,0,0,0
0,0,0,0,0,0,0,0,327,94
0,0,0,67,51,0,0,615,0,30
19,0,0,58,0,0,22,9,0,0
0,11,0,10,0,0,0,0,0,11
0,0,0,0,0,0,8,0,0,0
0,0,12,0,0,0,0,0,0,0
0,0,0,0,0,4,0,0,0,0
0,0,34,37,0,24,12,0,0,9
0,0,17,0,0,0,0,0,0,38
0,0,0,0,0,31,0,0,0,0
0,0,47,0,0,0,0,0,0,0
0,0,0,0,0,0,0,0,30,0
0,11,0,0,0,0,0,0,0,0
0,25,0,0,0,0,0,19,0,0
0,0,12,0,0,28,0,0,0,0
0,0,0,0,0,52,0,0,0,0
0,9,0,19,0,0,18,0,0,4
0,0,0,0,0,0,0,12,0,0
0,0,20,0,0,9,0,0,0,0
47,12,126,35,21,27,30,38,18,25
121,0,0,0,0,0,0,0,0,0
89,45,199,571,21,75,524,21,565,0
431,52,0,0,0,575,81,0,108,1182
169,0,0,0,0,0,0,0,0,0
0,278,74,0,158,0,0,0,497,1999
0,82,0,50,121,488,0,33,172,1691
0,25,0,0,0,9,61,161,0,0
0,0,60,0,0,0,40,0,0,0
0,0,158,0,0,0,81,16,207,0
19,0,0,0,0,27,0,25,0,0
24,0,169,0,0,0,0,20,0,0
0,0,0,0,0,0,0,228,0,0
0,0,0,27,0,0,0,0,0,0
0,0,0,0,0,9,0,0,0,0
0,316,0,0,40,0,0,0,0,96
0,0,0,51,0,0,0,0,0,0
0,0,0,0,0,31,0,0,0,0
0,0,10,10,0,0,0,0,0,0
125,97,193,66,0,0,10,27,26,34
0,0,0,0,0,0,0,183,0,0
0,18,53,0,0,0,0,0,0,7
0,0,0,64,0,0,0,0,0,0
0,93,0,0,0,0,0,7,0,139
0,0,0,32,0,0,0,0,11,14
0,28,0,0,0,0,0,0,0,0
0,0,7,0,0,0,0,0,0,0
0,33,0,0,0,14,0,0,0,0
0,0,0,0,0,0,0,0,0,2711
0,289,0,0,0,0,0,0,0,65
0,0,0,28,0,0,0,0,0,0
0,0,0,0,0,26,0,0,0,0
0,0,0,0,0,0,0,8,0,0
0,0,0,34,6,117,0,0,0,0
36,0,0,6,0,0,0,0,0,0
0,0,0,0,0,0,0,0,0,38
0,96,0,173,0,17,10,16,0,0
0,0,0,0,0,0,0,0,0,17
0,0,0,0,0,16,0,0,0,38
0,0,0,8,0,0,0,0,0,0
0,185,14,21,0,0,0,0,11,363
8,8,0,0,12,12,0,0,0,0
0,0,0,0,0,0,0,13,0,0
0,0,0,0,22,0,0,14,0,0
0,0,13,0,0,0,0,0,0,0
11,19,0,35,38,0,0,0,30,0
0,0,0,0,0,80,35,0,0,364
0,0,0,0,0,0,21,0,0,145
0,0,21,0,0,0,0,0,0,82
0,0,0,0,0,0,0,55,0,0
0,0,7,14,0,8,0,8,0,0
19,35,0,19,0,0,32,181,0,0
31,0,74,0,0,0,0,0,0,0
0,0,0,0,0,13,7,0,0,0
0,5,0,0,0,12,0,0,0,0
0,0,0,0,0,0,0,17,0,0
0,0,0,0,0,0,0,13,0,0
0,0,0,21,0,0,0,0,0,0
0,0,0,0,0,7,0,0,0,0
0,9,0,307,0,21,11,0,0,0
0,0,0,0,0,0,0,38,32,0
0,0,0,16,0,0,0,0,0,0
0,0,0,32,0,0,0,0,0,0
0,0,0,0,0,16,0,0,0,0
0,0,0,0,0,0,0,0,15,50
0,0,0,225,0,365,0,0,43,0
25,28,12,43,0,198,28,17,34,0
24,35,18,0,6,0,11,0,0,0
0,11,0,23,0,0,0,0,0,0
0,72,0,0,0,0,0,0,0,0
0,0,0,0,0,0,0,7,0,0
0,20,9,0,0,0,0,0,0,0
0,199,0,21,0,24,0,0,0,0
73,51,0,0,0,0,0,0,0,0
0,0,0,0,0,68,0,0,0,0
0,0,6,0,9,117,0,0,0,51
0,0,0,0,0,0,0,24,0,0
39,43,0,267,17,27,76,187,97,0
0,0,0,48,0,0,0,30,0,0
0,0,14,0,0,0,0,0,0,0
0,14,0,15,0,347,0,22,31,163
8,0,0,0,0,0,0,0,0,0
0,8,11,38,0,26,5,0,0,44
13,0,0,0,0,0,0,43,0,0
21,9,65,30,16,107,26,0,0,0
16,0,30,34,0,0,0,0,53,0
0,0,0,0,0,0,0,34,0,0
0,0,0,0,0,0,0,10,0,0
0,0,0,0,0,0,0,0,5,0
36,0,0,0,35,0,0,0,0,0
0,0,0,0,37,0,0,0,0,0
240,0,0,47,26,0,0,0,0,0
0,0,63,0,0,0,0,0,0,0
0,0,52,0,0,0,0,0,0,0
18,0,0,0,0,48,52,34,115,0
0,0,0,0,30,0,0,0,0,0
0,0,28,11,0,0,0,0,0,0
121,0,114,42,0,27,21,0,0,24
140,249,2056,208,54,371,0,781,1490,0
241,204,345,652,43,348,925,929,671,869
0,0,0,0,0,0,0,0,0,153
0,0,0,0,0,0,0,44,0,0
0,0,159,0,0,0,0,65,50,0
0,0,0,0,39,0,0,0,0,0
189,129,0,0,0,78,0,47,60,0
0,0,0,410,0,0,0,81,0,0
0,0,92,0,0,0,0,0,0,75
115,0,157,73,0,0,396,66,91,60
0,0,88,0,0,88,0,0,56,234
81,70,45,0,0,0,0,0,0,0
0,0,0,0,0,0,0,64,0,0
72,14,62,488,84,542,13,178,36,0
69,0,51,66,0,476,0,236,0,0
0,0,0,0,0,16,0,16,0,10
20,0,0,59,0,31,0,10,0,0
0,0,0,0,37,0,0,0,0,0
25,0,7,39,29,0,4,24,0,0
0,0,0,0,0,0,0,0,0,2
2268,134,612,185,45,4585,159,114,1061,89
52,0,0,0,33,0,0,0,95,0
52,0,54,0,0,0,0,0,0,55
65,48,93,66,0,250,445,0,118,178
0,0,0,0,0,0,0,229,0,0
95,0,0,0,0,148,92,0,0,60
0,0,0,0,0,0,0,0,0,121
215,0,0,0,0,55,0,0,44,976
0,0,64,64,0,0,0,53,128,0
0,9,48,12,0,43,0,0,0,0
0,0,0,180,0,0,123,0,0,0
0,0,0,0,0,0,0,20,0,0
0,377,0,43,0,0,45,0,0,0
31,0,12,0,42,0,13,297,18,0
0,0,0,13,0,0,0,0,0,0
0,0,0,117,0,0,0,0,0,0
136,0,155,217,916,0,58,83,37,0
0,0,17,37,0,0,0,17,10,0
0,0,15,0,0,0,0,22,0,0
0,0,0,0,0,144,0,0,0,0
0,0,15,13,0,27,0,0,0,0
0,0,0,0,0,0,203,0,0,0
0,0,35,0,0,0,0,0,0,0
147,0,0,222,60,0,0,46,0,0
0,0,51,53,0,0,0,12,0,0
0,0,0,44,0,0,0,0,0,0
45,40,0,0,35,0,0,19,0,0
0,0,0,24,0,21,0,24,40,0
0,0,79,0,0,0,0,0,0,0
0,0,29,0,0,0,0,0,0,0
0,0,0,0,14,0,0,0,0,0
0,0,0,25,0,0,0,0,0,0
36,0,0,0,0,0,0,0,0,0
309,0,0,189,0,412,0,135,0,0
99,0,0,0,0,0,0,83,0,0
0,0,0,0,62,0,0,0,0,0
0,0,0,0,47,0,0,0,0,0
67,0,33,0,0,0,0,0,0,0
0,0,0,0,0,0,0,0,0,32
0,0,0,0,0,13,0,0,0,29
19,15,78,0,0,213,0,110,53,185
39,0,0,0,0,0,0,0,0,0
0,0,0,0,0,0,0,91,162,0
0,0,0,0,0,0,0,32,0,0
0,0,0,0,0,0,0,0,0,21
0,0,0,0,0,0,0,0,0,19
72,0,0,0,0,0,24,0,100,0
0,0,0,0,0,126,0,0,0,0
42,0,0,58,0,0,0,44,0,0
0,0,0,0,0,0,0,18,0,0
0,0,0,0,0,7,0,0,0,0
0,0,0,0,0,0,0,0,3,0
3,0,0,0,0,0,0,0,0,0
0,0,0,0,0,0,0,2,0,0
0,0,0,0,0,0,3,0,0,14
0,0,0,0,11,622,0,0,0,0
0,0,0,0,0,154,0,0,0,0
20,17,19,0,0,31,0,0,96,188
0,0,0,0,0,30,0,0,0,26
119,0,0,101,93,83,89,67,112,0
0,26,0,0,0,0,0,0,0,51
0,0,33,0,0,20,0,0,0,0
0,0,0,0,0,11,0,0,0,0
7,12,27,109,9,172,12,0,0,80
0,30,98,8,19,151,0,0,14,0
0,0,0,0,0,0,58,59,0,0
23,0,0,0,0,0,0,0,0,0
0,0,0,0,0,15,0,0,0,0
0,6,0,0,0,5,0,0,0,0
0,0,0,0,0,0,7,0,0,6
0,0,0,0,6,0,0,0,0,0
52,1687,0,1765,0,3130,232,769,0,0
218,406,0,204,0,453,0,442,0,0
0,0,0,141,0,0,0,0,0,0
0,48,0,110,0,0,16,63,30,98
0,0,0,47,0,0,0,101,0,39
71,0,288,26,74,0,8,15,0,0
3887,0,0,1388,2578,0,0,687,7344,6014
0,4399,2988,0,0,0,0,4997,0,0
0,0,0,0,0,0,436,0,0,0
0,0,0,0,0,78,15,0,0,0
0,0,0,24,0,0,0,0,452,266
0,0,0,0,0,0,0,0,0,106
8,146,0,0,18,0,233,0,0,0
0,269,34,17,45,18,26,123,10,120
84,0,0,0,32,0,0,0,0,0
0,0,0,0,0,0,0,0,661,0
0,0,174,0,0,0,0,8,0,0
0,0,0,125,0,0,0,0,0,0
392,0,0,0,58,0,406,187,20,5
0,0,0,67,0,0,0,0,0,0
0,0,0,0,65,0,0,0,0,0
0,0,0,0,450,0,0,0,0,0
0,0,0,0,223,0,0,0,0,0
0,0,0,0,87,0,0,0,0,0
109,0,66,0,0,0,0,0,0,0
262,238,1043,63,67,37,503,469,38,12
251,0,0,0,26,0,657,602,0,0
0,0,315,0,0,0,0,0,0,0
120,186,129,106,0,0,0,348,0,0
0,0,0,235,0,0,0,0,0,0
0,0,0,0,36,0,0,0,0,0
35,0,0,0,0,0,45,183,0,0
0,60,291,697,0,0,142,160,0,0
0,0,22,4,6,0,0,0,0,0
0,239,1265,17,0,224,0,1222,0,0
0,0,0,0,0,0,0,0,0,3
0,0,0,0,0,0,267,83,0,0
0,0,0,24,0,24,0,0,0,0
19,12,0,0,0,0,14,0,0,0
0,0,0,0,0,0,0,0,0,8
0,0,0,0,0,0,7,0,0,0
23,0,5,0,0,0,7,0,97,0
0,24,0,0,0,0,0,0,0,0
0,0,0,0,13,87,0,0,0,0
0,280,78,0,0,0,74,107,0,0
28,0,1758,0,65,104,62,43,401,16
33,15,0,0,0,212,238,0,0,0
0,731,98,0,0,0,0,147,0,0
1345,0,0,0,0,0,0,0,0,0
0,0,0,0,0,0,1691,0,0,0
0,0,0,0,0,0,27,0,0,0
0,0,0,0,6,0,0,0,0,0
0,10,0,0,0,265,0,0,0,46
15,0,0,36,14,42,18,10,24,17
0,0,0,0,0,0,0,0,0,134
0,0,0,13,9,0,0,0,0,0
0,0,0,0,0,0,0,0,0,57
0,0,0,0,0,38,0,0,0,0
0,0,0,0,0,43,0,0,0,39
0,0,0,0,0,0,0,0,0,127
0,0,0,0,0,0,0,0,0,57
12,0,119,0,114,0,0,281,0,0
0,6,0,0,0,0,424,0,0,0
0,0,50,0,45,0,0,124,0,0
0,0,0,32,0,0,0,0,0,0
0,0,0,119,0,0,0,0,0,0
0,0,10,0,0,0,0,0,0,0
0,0,151,0,0,0,0,0,0,0
0,0,0,0,15,0,0,0,53,0
0,0,2117,0,0,0,0,680,0,0
38,0,0,0,0,0,0,0,0,0
47,0,0,0,0,0,0,0,0,0
0,27,875,0,0,0,0,315,0,0
7029,0,0,0,0,0,0,0,0,0
0,0,0,0,0,0,0,0,1882,0
0,0,1983,0,0,0,0,731,0,0
93,0,0,0,0,0,0,0,0,0
0,0,0,0,0,0,0,0,0,162
0,0,0,0,0,17,0,0,0,0
0,0,0,0,0,13,0,0,0,0
9,0,0,0,0,0,0,15,0,0
0,0,5,0,0,0,0,0,7,0
0,0,0,0,0,0,0,9,24,0
0,0,0,0,0,0,0,0,20,18
0,0,0,0,0,15,0,4,0,0
0,0,0,0,0,0,0,0,0,19
0,0,29,20,0,0,0,0,0,0
302,333,227,509,164,0,185,25,99,280
465,327,262,280,0,0,143,0,80,0
138,0,0,0,0,0,0,0,0,0
101,0,0,12,130,0,0,1590,0,0
0,0,0,0,0,0,0,0,0,66
8,774,0,114,0,11605,314,0,0,0
0,0,0,0,0,0,2,0,0,0
877,1693,0,0,0,0,11,0,22,0
0,0,0,82,0,0,53,38,0,0
0,0,0,0,9,0,54,0,0,0
0,0,0,0,0,0,0,0,0,74
0,0,0,0,0,0,0,0,13,0
0,0,5,259,0,0,63,96,570,581
13,127,21,63,0,47,15,0,74,0
0,0,0,0,135,0,0,0,0,0
0,0,0,0,0,0,0,0,174,0
0,0,0,68,0,0,0,0,0,1587
463,0,0,664,0,0,0,0,0,349
0,0,0,0,54,0,0,0,0,0
155,0,0,205,0,0,0,0,0,101
0,0,195,1074,0,0,0,341,329,96
1090,0,0,17,0,0,31,0,0,0
0,0,0,0,46,31,0,0,0,0
0,0,0,0,0,0,5,12,0,0
0,5602,183,0,0,0,0,0,0,0
0,506,1134,217,82,511,0,236,0,2643
226,0,0,0,0,0,0,0,0,0
0,918,0,0,0,0,0,0,0,138
0,0,0,0,0,0,0,41,0,0
0,0,0,1678,0,0,0,23,0,15
0,0,0,1516,0,0,0,0,0,0
525,0,0,1969,54,0,0,952,210,194
753,0,0,2001,0,0,0,0,0,908
0,0,0,0,18,0,0,0,0,0
0,0,15,0,0,0,0,0,0,0
623,481,3823,0,2063,1237,1857,347,0,0
0,0,0,0,0,0,0,0,50,0
0,148,194,0,0,186,0,0,682,162
0,205,798,0,0,440,0,0,1367,335
0,0,433,0,0,0,0,0,0,0
0,0,0,0,0,0,0,14,0,0
0,21,12,0,0,68,7,14,0,179
0,159,23,0,0,0,0,34,88,0
733,20,56,0,0,654,0,335,311,0
0,0,0,0,0,0,142,0,339,0
149,0,890,249,0,117,229,0,326,0
0,0,961,220,0,112,0,0,318,0
84,190,0,0,0,0,0,0,0,0
0,0,0,0,0,0,0,0,68,0
91,268,0,0,0,0,0,0,0,0
12,0,65,0,0,0,0,880,8,0
436,0,0,0,0,0,0,598,0,0
0,0,337,0,0,0,0,0,0,0
0,163,0,0,0,0,0,0,2029,0
0,0,0,79,0,0,0,0,0,120
2406,0,0,0,0,0,1990,0,0,0
0,0,810,13,0,0,0,0,0,0
34,49,10,0,14,0,0,0,0,0
0,0,0,396,0,0,0,0,0,506
0,0,0,197,0,0,0,0,0,309
90,0,0,0,0,0,0,24,0,0
0,0,22,0,0,0,129,0,0,0
0,0,55,0,0,0,0,0,0,0
0,30,1696,0,214,2065,0,273,0,0
0,0,600,0,0,682,0,85,0,0
0,0,0,0,0,0,3726,0,0,0
0,63,0,0,0,0,0,0,0,0
0,0,0,148,0,0,7,0,0,16
258,2259,1056,1212,0,764,584,0,3549,569
247,2216,994,1231,0,793,547,21,5601,641
0,0,0,0,0,0,251,0,0,0
23,0,0,0,0,207,26,0,22,0
65,27,0,26,0,48,0,0,9,0
0,0,110,0,0,0,0,19,0,0
0,0,42,13,0,0,20,0,0,0
7,15,29,0,0,0,121,0,65,0
0,0,0,0,0,0,11,0,28,0
0,16,0,0,0,79,0,0,0,70
39,72,29,0,0,543,57,149,0,0
109,11,24,0,11,166,182,15,34,96
0,0,0,0,0,17,0,0,0,0
0,0,54,0,0,0,0,0,0,0
0,27,0,0,0,0,0,0,20,0
10,0,0,0,0,0,0,0,0,0
14,11,0,10,5,27,0,0,11,0
0,0,536,0,0,0,0,102,0,0
42,0,0,247,68,0,0,0,156,0
37,0,18,0,0,0,0,0,36,0
0,0,0,0,0,0,0,8,0,0
0,0,0,54,0,0,36,0,0,0
0,0,0,78,0,0,0,0,0,0
0,0,0,6,0,0,30,0,0,0
111,189,49,134,0,0,13,73,158,194
145,0,0,0,0,0,0,0,0,0
7,0,0,0,0,0,0,0,0,0
0,0,0,0,0,0,0,0,11,0
229,0,130,0,0,0,182,0,139,0
0,0,93,0,0,0,71,0,0,0
0,0,0,0,0,0,109,0,0,0
0,0,103,0,0,0,0,0,0,0
15,0,0,0,0,0,0,0,0,0
0,0,0,0,0,0,0,0,10,0
106,0,0,0,0,0,0,0,0,0
51,0,158,0,0,141,0,0,0,66
0,0,0,0,0,0,0,0,206,0
0,0,106,18,0,9,0,20,0,0
0,0,251,0,0,66,0,0,0,0
0,30,0,58,0,0,55,26,26,0
32,0,0,0,121,121,0,0,0,39
136,39,0,103,0,107,64,68,33,72
71,0,193,106,19,220,0,50,112,0
0,20,209,0,0,300,183,0,0,0
0,0,0,653,0,0,0,0,0,0
0,0,0,0,89,0,0,0,0,0
472,169,141,1038,344,1064,558,180,428,408
0,0,0,137,0,0,0,123,0,133
0,0,0,0,0,0,47,0,0,0
0,0,40,0,0,335,0,0,0,0
0,0,0,0,0,148,0,0,128,44
0,0,25,0,14,0,37,0,0,0
0,0,0,0,0,0,0,43,0,0
0,0,54,0,0,0,59,0,0,0
0,0,0,0,0,45,0,0,0,0
0,570,33,172,93,327,19,202,21,170
0,0,0,0,0,123,0,0,0,0
0,0,0,51,0,30,0,0,0,0
0,0,0,0,0,279,0,0,0,0
0,0,0,0,9,0,0,0,0,0
0,30,194,51,102,163,0,21,37,0
0,0,0,0,0,14,0,31,0,0
202,144,79,148,3,226,10,25,13,9
0,0,139,0,0,127,0,294,0,433
99,33,0,77,37,0,298,116,0,0
0,0,0,0,0,0,0,186,0,0
13,24,0,202,0,0,0,0,36,0
8189,11,661,0,10,0,19,12,1461,0
0,0,0,0,14,0,0,0,0,0
11,289,426,373,20,106,197,25,56,554
0,25,8,0,9,0,15,0,0,0
0,0,0,0,8,0,0,0,15,0
0,0,6,4,12,0,0,0,0,0
0,0,0,111,0,291,0,0,0,0
0,0,22,0,0,0,0,0,0,0
0,0,31,32,0,7,0,0,35,0
74,0,20,0,0,0,6,0,0,0
10,4,0,0,0,0,24,0,0,0
0,0,0,0,8,0,20,11,0,0
0,0,97,0,0,0,0,0,0,0
259,125,536,386,108,509,336,175,139,137
879,0,0,546,73,35,20,0,103,0
273,48,419,345,109,338,154,652,299,292
100,231,66,0,51,0,213,0,129,0
466,0,94,3224,118,0,204,176,518,76
59,501,45,251,98,0,85,106,248,0
0,0,137,0,0,0,95,0,0,0
45,85,1173,0,0,0,0,37,24,0
38,236,1228,0,0,105,0,176,0,0
242,0,0,55,0,38,0,0,3953,0
206,76,0,31,31,0,0,0,0,0
0,0,0,0,0,0,0,0,627,0
0,130,91,0,0,0,77,143,0,1215
0,0,23,93,0,0,0,0,0,41
0,0,313,0,0,0,0,26,0,0
0,0,82,0,0,0,0,0,0,0
36,196,1424,44,121,2019,444,0,0,0
0,0,0,0,45,0,0,0,0,0
0,168,139,0,0,0,0,0,70,0
39,110,347,55,0,0,181,0,0,0
0,0,51,0,0,0,0,185,10,0
0,0,0,0,0,119,0,34,0,0
57,0,182,0,510,0,376,0,0,0
0,0,0,0,0,99,0,0,21,0
69,94,124,0,0,104,606,0,34,0
253,0,178,1120,0,0,1193,63,576,0
191,0,0,0,0,176,0,0,0,0
0,0,1937,0,346,0,0,0,0,0
0,122,0,0,0,105,0,0,0,0
99,0,0,0,54,0,140,0,0,57
947,33,469,145,85,126,327,405,204,25
0,0,186,0,51,0,0,0,0,0
0,0,0,136,0,0,0,0,0,0
91,0,1542,300,0,43,103,113,68,39
2564,405,1173,1684,173,2299,168,187,5069,1478
0,0,20,0,0,0,0,0,0,0
293,54,206,0,105,0,167,302,0,0
0,0,0,176,0,26,0,0,0,0
314,37,19,0,0,321,0,0,0,232
0,0,0,0,0,0,0,0,44,0
107,0,121,0,32,0,42,67,66,0
41,0,0,0,0,0,0,28,27,13
0,0,0,0,0,0,0,4,0,0
0,0,88,0,0,0,0,0,0,0
0,0,0,0,14,0,0,0,0,0
55,0,0,0,0,0,0,0,0,0
0,0,0,0,0,0,195,165,0,152
0,0,0,0,0,0,0,0,3,0
0,0,0,12,0,60,208,0,0,0
0,0,14,0,9,0,0,0,0,0
0,7,0,10,0,15,0,0,0,31
0,0,0,0,0,0,7,0,0,0
15,0,0,16,0,14,0,0,0,0
0,0,0,0,0,0,0,5,0,0
1994,0,0,28,0,736,0,0,273,41
9,0,0,0,0,0,0,0,0,0
17,0,8,25,20,29,0,187,0,0
35,901,0,0,0,0,0,0,0,0
254,0,0,0,300,0,0,0,0,0
82,0,0,69,37,0,0,0,0,0
0,0,18,0,0,15,69,0,27,9
14,0,0,0,0,0,0,0,0,0
0,13,0,0,0,0,0,0,0,0
21,0,23,0,0,38,0,0,48,26
47,0,0,33,16,40,0,0,92,145
0,0,39,0,0,0,0,27,0,0
0,0,0,10,13,41,0,0,119,60
0,0,0,0,0,22,0,0,0,0
37,41,366,37,0,34,47,0,273,112
14,0,92,77,0,0,0,55,0,21
6226,4,10,121,0,0,21,0,0,0
0,0,0,0,0,22,0,0,0,21
73,31,0,0,0,41,122,0,20,0
0,0,0,9,0,0,0,0,0,0
338,0,55,0,0,0,24,0,0,0
88,0,0,0,0,0,0,0,0,0
0,0,0,0,0,5,0,0,0,0
45,221,0,9,0,345,12,82,0,0
0,19,26,0,12,0,15,0,0,0
0,0,0,0,0,0,0,39,0,0
0,0,0,30,0,0,0,0,0,0
0,62,37,248,73,97,62,32,697,82
0,0,194,0,0,0,0,0,0,0
0,0,0,31,0,90,0,0,0,0
1652,0,698,0,0,58,686,0,0,53
0,0,0,24,0,0,0,0,0,0
0,0,0,75,0,0,0,0,0,0
0,0,98,0,277,0,0,2691,0,0
0,0,0,206,0,0,0,0,0,0
0,37,0,20,157,0,0,170,0,0
0,0,0,0,0,0,0,61,0,0
0,0,0,0,0,0,0,15,0,0
0,0,0,0,7,0,0,0,0,0
0,0,0,0,0,0,0,0,0,4
78,63,0,0,0,0,0,0,147,13
17,0,0,0,0,0,0,0,24,0
0,0,17,0,0,0,0,0,0,0
0,0,0,0,0,0,0,0,13,0
19,11,0,0,6,0,40,0,76,27
0,0,0,0,0,15,0,0,0,0
0,0,0,0,0,0,30,0,0,0
112,19,84,0,23,0,27,9,0,0
0,0,0,0,0,76,0,0,0,0
0,0,0,0,0,0,41,0,0,0
0,0,46,66,0,89,149,0,0,0
892,0,350,207,0,1226,0,22,241,0
0,0,0,0,0,0,26,0,1768,0
0,11,0,17,0,324,22,10,521,4841
0,13,35,0,0,0,0,0,215,833
0,0,0,0,0,0,20,0,0,671
57,0,0,0,19,0,80,0,658,0
0,0,0,0,0,32,44,0,0,0
28,0,0,0,0,0,47,0,0,0
0,0,28,0,0,0,0,0,0,0
135,0,0,16,0,1609,0,22,0,0
0,0,0,0,0,0,0,42,0,0
0,0,16,0,0,0,0,0,0,0
78,0,0,0,0,149,0,393,0,0
0,0,0,0,0,80,0,0,0,0
0,0,0,7,0,0,0,0,0,0
20,0,10,0,0,6,0,0,0,0
0,10,71,0,0,0,0,48,0,0
0,0,0,0,0,0,7,0,0,0
0,0,0,0,0,24,0,0,0,58
0,42,71,0,0,0,0,0,19,207
